<?xml version="1.0" encoding="UTF-8"?>
<con:soapui-project id="cac1022c-2eb0-44c7-bd09-54553eda2833" activeEnvironment="Default" name="REST Project 1" resourceRoot="" soapui-version="5.7.0" abortOnError="false" runType="SEQUENTIAL" xmlns:con="http://eviware.com/soapui/config"><con:settings/><con:interface xsi:type="con:RestService" id="ef3a4754-c760-421a-ab34-3f40c9c65b1c" wadlVersion="http://wadl.dev.java.net/2009/02" name="http://localhost:8080" type="rest" xmlns:xsi="http://www.w3.org/2001/XMLSchema-instance"><con:settings/><con:definitionCache type="TEXT" rootPart=""/><con:endpoints><con:endpoint>http://localhost:8080</con:endpoint></con:endpoints><con:resource name="" path="/users/1" id="2307b93a-04e6-4ece-b22b-3e211974a755"><con:settings/><con:parameters/><con:method name="1" id="a0b4580b-7bdb-45f0-b8c4-4b4e03664dc2" method="POST"><con:settings/><con:parameters/><con:representation type="REQUEST"><con:mediaType>application/json</con:mediaType><con:params/></con:representation><con:representation type="RESPONSE"><con:mediaType xsi:nil="true"/><con:status>200</con:status><con:params/><con:element>data</con:element></con:representation><con:representation type="FAULT"><con:mediaType>application/json</con:mediaType><con:status>404</con:status><con:params/><con:element xmlns:ns="http://localhost/users/1">ns:Fault</con:element></con:representation><con:representation type="FAULT"><con:mediaType xsi:nil="true"/><con:status>400</con:status><con:params/><con:element>data</con:element></con:representation><con:representation type="FAULT"><con:mediaType xsi:nil="true"/><con:status>400</con:status><con:params/><con:element>data</con:element></con:representation><con:representation type="RESPONSE"><con:mediaType>application/json</con:mediaType><con:status>200</con:status><con:params/><con:element>Response</con:element></con:representation><con:representation type="RESPONSE"><con:mediaType>application/hal+json</con:mediaType><con:status>200</con:status><con:params/><con:element xmlns:ns="http://localhost/users/1">ns:Response</con:element></con:representation><con:request name="Request 1" id="ba408fb3-a935-4659-9d36-206d3af9bc4a" mediaType="application/json" postQueryString="false"><con:settings><con:setting id="com.eviware.soapui.impl.wsdl.WsdlRequest@request-headers">&lt;xml-fragment/></con:setting></con:settings><con:endpoint>http://localhost:8080/</con:endpoint><con:request/><con:originalUri>http://localhost/users/1</con:originalUri><con:credentials><con:authType>No Authorization</con:authType></con:credentials><con:jmsConfig JMSDeliveryMode="PERSISTENT"/><con:jmsPropertyConfig/><con:parameters/><con:parameterOrder/></con:request></con:method></con:resource><con:resource name="users" path="/users/" id="c61aec9a-9100-48dc-8b35-792678eff1a0"><con:settings/><con:parameters/><con:method name="Method 1" id="37c97074-0f76-42d0-b36f-6abf69cf31d0" method="GET"><con:settings/><con:parameters/><con:representation type="FAULT"><con:mediaType xsi:nil="true"/><con:status>400</con:status><con:params/><con:element>data</con:element></con:representation><con:representation type="REQUEST"><con:mediaType>application/json</con:mediaType><con:params/></con:representation><con:representation type="FAULT"><con:mediaType xsi:nil="true"/><con:status>400</con:status><con:params/><con:element>data</con:element></con:representation><con:representation type="RESPONSE"><con:mediaType>application/json</con:mediaType><con:status>200</con:status><con:params/><con:element>Response</con:element></con:representation><con:representation type="RESPONSE"><con:mediaType xsi:nil="true"/><con:status>200</con:status><con:params/><con:element>data</con:element></con:representation><con:representation type="FAULT"><con:mediaType xsi:nil="true"/><con:status>406</con:status><con:params/><con:element>data</con:element></con:representation><con:representation type="RESPONSE"><con:mediaType>application/xml;charset=UTF-8</con:mediaType><con:status>200</con:status><con:params/><con:element>List</con:element></con:representation><con:representation type="FAULT"><con:mediaType xsi:nil="true"/><con:status>400</con:status><con:params/><con:element>data</con:element></con:representation><con:representation type="RESPONSE"><con:mediaType xsi:nil="true"/><con:status>201</con:status><con:params/><con:element>data</con:element></con:representation><con:representation type="REQUEST"><con:mediaType>application/xml</con:mediaType><con:params/><con:element>item</con:element></con:representation><con:representation type="FAULT"><con:mediaType xsi:nil="true"/><con:status>400</con:status><con:params/><con:element>data</con:element></con:representation><con:request name="Request 1" id="8219da28-27bf-4489-8f91-8f2e5bd719ad" mediaType="application/json" postQueryString="false"><con:settings><con:setting id="com.eviware.soapui.impl.wsdl.WsdlRequest@request-headers">&lt;entry key="Accept" value="application/xml" xmlns="http://eviware.com/soapui/config"/></con:setting></con:settings><con:endpoint>http://localhost:8080</con:endpoint><con:request><![CDATA[   <item>
      <name>Eve</name>
      <birthDate>2022-04-01T22:19:12.664+00:00</birthDate>
   </item>]]></con:request><con:originalUri>http://localhost/users</con:originalUri><con:credentials><con:selectedAuthProfile>No Authorization</con:selectedAuthProfile><con:authType>No Authorization</con:authType></con:credentials><con:jmsConfig JMSDeliveryMode="PERSISTENT"/><con:jmsPropertyConfig/><con:parameters/><con:parameterOrder/></con:request></con:method></con:resource><con:resource name="hello-world-internationalized" path="/hello-world-in" id="df7cccae-9988-4c74-8b40-002b5460c5a4"><con:settings/><con:parameters/><con:method name="Method 1" id="c226c30b-dfba-4afa-8eeb-a707a8670844" method="GET"><con:settings/><con:parameters/><con:representation type="RESPONSE"><con:mediaType xsi:nil="true"/><con:status>0</con:status><con:params/><con:element>data</con:element></con:representation><con:representation type="REQUEST"><con:mediaType>application/json</con:mediaType><con:params/></con:representation><con:representation type="RESPONSE"><con:mediaType xsi:nil="true"/><con:status>0</con:status><con:params/><con:element>data</con:element></con:representation><con:representation type="RESPONSE"><con:mediaType xsi:nil="true"/><con:status>0</con:status><con:params/><con:element>data</con:element></con:representation><con:representation type="RESPONSE"><con:mediaType xsi:nil="true"/><con:status>0</con:status><con:params/><con:element>data</con:element></con:representation><con:representation type="RESPONSE"><con:mediaType xsi:nil="true"/><con:status>0</con:status><con:params/><con:element>data</con:element></con:representation><con:representation type="RESPONSE"><con:mediaType>text/plain;charset=UTF-8</con:mediaType><con:status>200</con:status><con:params/><con:element>data</con:element></con:representation><con:request name="Request 1" id="fb1570e2-183a-463a-a702-2da92da735f7" mediaType="application/json" postQueryString="false"><con:settings><con:setting id="com.eviware.soapui.impl.wsdl.WsdlRequest@request-headers">&lt;entry key="Accept-Language" value="al" xmlns="http://eviware.com/soapui/config"/></con:setting></con:settings><con:endpoint>http://localhost:8080</con:endpoint><con:request/><con:originalUri>http://localhost/hello-world-internationalized</con:originalUri><con:credentials><con:authType>No Authorization</con:authType></con:credentials><con:jmsConfig JMSDeliveryMode="PERSISTENT"/><con:jmsPropertyConfig/><con:parameters/><con:parameterOrder/></con:request></con:method></con:resource><con:inferredSchema><![CDATA[<?xml version="1.0" encoding="UTF-8"?>
<inf:schema xmlns:inf="http://www.eviware.com/soapui/InferredSchema"><inf:namespace>http://localhost</inf:namespace><inf:particle xsi:type="inf:ElementParticle" xmlns:xsi="http://www.w3.org/2001/XMLSchema-instance"><inf:name>data</inf:name><inf:type xsi:type="inf:TypeReference"><inf:reference xmlns:loc="http://localhost">loc:_data</inf:reference></inf:type></inf:particle><inf:prefix key="http://www.w3.org/2001/XMLSchema" value="xs"/><inf:complexType><inf:completed>true</inf:completed><inf:mixed>false</inf:mixed><inf:name>_data</inf:name><inf:attribute xsi:type="inf:AttributeParticle" xmlns:xsi="http://www.w3.org/2001/XMLSchema-instance"><inf:name>contentLength</inf:name><inf:type xsi:type="inf:SimpleType"><inf:completed>false</inf:completed><inf:typeName>boolean</inf:typeName></inf:type></inf:attribute><inf:attribute xsi:type="inf:AttributeParticle" xmlns:xsi="http://www.w3.org/2001/XMLSchema-instance"><inf:name>contentType</inf:name><inf:type xsi:type="inf:SimpleType"><inf:completed>false</inf:completed><inf:typeName>string</inf:typeName></inf:type></inf:attribute><inf:content xsi:type="inf:EmptyContent" xmlns:xsi="http://www.w3.org/2001/XMLSchema-instance"><inf:completed>true</inf:completed></inf:content></inf:complexType></inf:schema>]]></con:inferredSchema></con:interface><con:interface xsi:type="con:RestService" id="22fb4750-2a1d-4c0f-8e35-4a81383a9203" wadlVersion="http://wadl.dev.java.net/2009/02" name="http://localhost:8080" type="rest" xmlns:xsi="http://www.w3.org/2001/XMLSchema-instance"><con:settings/><con:definitionCache/><con:endpoints><con:endpoint>http://localhost:8080</con:endpoint></con:endpoints><con:resource name="" path="/filtering" id="bb8eb716-1297-4e40-8dda-f3b7959abf63"><con:settings/><con:parameters/><con:method name="1" id="1433aff2-9f8d-47d4-a35d-0d25c108d0b7" method="GET"><con:settings/><con:parameters/><con:representation type="RESPONSE"><con:mediaType>application/json</con:mediaType><con:status>200</con:status><con:params/><con:element xmlns:fil="http://localhost/filtering">fil:Response</con:element></con:representation><con:representation type="FAULT"><con:mediaType xsi:nil="true"/><con:status>401</con:status><con:params/><con:element>data</con:element></con:representation><con:representation type="FAULT"><con:mediaType xsi:nil="true"/><con:status>401</con:status><con:params/><con:element>data</con:element></con:representation><con:representation type="FAULT"><con:mediaType xsi:nil="true"/><con:status>401</con:status><con:params/><con:element>data</con:element></con:representation><con:representation type="FAULT"><con:mediaType xsi:nil="true"/><con:status>401</con:status><con:params/><con:element>data</con:element></con:representation><con:representation type="FAULT"><con:mediaType xsi:nil="true"/><con:status>401</con:status><con:params/><con:element>data</con:element></con:representation><con:representation type="FAULT"><con:mediaType xsi:nil="true"/><con:status>401</con:status><con:params/><con:element>data</con:element></con:representation><con:representation type="FAULT"><con:mediaType xsi:nil="true"/><con:status>401</con:status><con:params/><con:element>data</con:element></con:representation><con:representation type="FAULT"><con:mediaType xsi:nil="true"/><con:status>401</con:status><con:params/><con:element>data</con:element></con:representation><con:representation type="FAULT"><con:mediaType xsi:nil="true"/><con:status>401</con:status><con:params/><con:element>data</con:element></con:representation><con:representation type="FAULT"><con:mediaType xsi:nil="true"/><con:status>401</con:status><con:params/><con:element>data</con:element></con:representation><con:representation type="FAULT"><con:mediaType xsi:nil="true"/><con:status>401</con:status><con:params/><con:element>data</con:element></con:representation><con:representation type="FAULT"><con:mediaType xsi:nil="true"/><con:status>401</con:status><con:params/><con:element>data</con:element></con:representation><con:representation type="FAULT"><con:mediaType xsi:nil="true"/><con:status>401</con:status><con:params/><con:element>data</con:element></con:representation><con:representation type="FAULT"><con:mediaType xsi:nil="true"/><con:status>401</con:status><con:params/><con:element>data</con:element></con:representation><con:representation type="FAULT"><con:mediaType xsi:nil="true"/><con:status>401</con:status><con:params/><con:element>data</con:element></con:representation><con:representation type="FAULT"><con:mediaType xsi:nil="true"/><con:status>401</con:status><con:params/><con:element>data</con:element></con:representation><con:representation type="FAULT"><con:mediaType xsi:nil="true"/><con:status>401</con:status><con:params/><con:element>data</con:element></con:representation><con:representation type="FAULT"><con:mediaType xsi:nil="true"/><con:status>401</con:status><con:params/><con:element>data</con:element></con:representation><con:representation type="FAULT"><con:mediaType xsi:nil="true"/><con:status>401</con:status><con:params/><con:element>data</con:element></con:representation><con:representation type="FAULT"><con:mediaType xsi:nil="true"/><con:status>401</con:status><con:params/><con:element>data</con:element></con:representation><con:representation type="FAULT"><con:mediaType xsi:nil="true"/><con:status>401</con:status><con:params/><con:element>data</con:element></con:representation><con:representation type="FAULT"><con:mediaType xsi:nil="true"/><con:status>401</con:status><con:params/><con:element>data</con:element></con:representation><con:representation type="FAULT"><con:mediaType xsi:nil="true"/><con:status>401</con:status><con:params/><con:element>data</con:element></con:representation><con:representation type="FAULT"><con:mediaType xsi:nil="true"/><con:status>401</con:status><con:params/><con:element>data</con:element></con:representation><con:representation type="FAULT"><con:mediaType xsi:nil="true"/><con:status>401</con:status><con:params/><con:element>data</con:element></con:representation><con:request name="Request 1" id="bcf54231-83a4-4254-a2f4-ae7cbb737e0c" mediaType="application/json"><con:settings><con:setting id="com.eviware.soapui.impl.wsdl.WsdlRequest@request-headers">&lt;xml-fragment/></con:setting></con:settings><con:endpoint>http://localhost:8080</con:endpoint><con:request/><con:originalUri>http://localhost/filtering</con:originalUri><con:credentials><con:username>user</con:username><con:password>password</con:password><con:selectedAuthProfile>Basic</con:selectedAuthProfile><con:addedBasicAuthenticationTypes>Basic</con:addedBasicAuthenticationTypes><con:authType>Global HTTP Settings</con:authType></con:credentials><con:jmsConfig JMSDeliveryMode="PERSISTENT"/><con:jmsPropertyConfig/><con:parameters/></con:request></con:method></con:resource><con:resource name="" path="filtering-list" id="9042cb50-12b2-4891-830f-2a92538b0034"><con:settings/><con:parameters/><con:method name="Method 1" id="666aa449-3b0f-4b0f-b9e6-98e992356f0f" method="GET"><con:settings/><con:parameters/><con:representation type="RESPONSE"><con:mediaType>application/json</con:mediaType><con:status>200</con:status><con:params/><con:element>Response</con:element></con:representation><con:representation type="FAULT"><con:mediaType>application/json</con:mediaType><con:status>500</con:status><con:params/><con:element xmlns:fil="http://localhost/filtering-list">fil:Fault</con:element></con:representation><con:representation type="FAULT"><con:mediaType>text/html;charset=utf-8</con:mediaType><con:status>500</con:status><con:params/><con:element>html</con:element></con:representation><con:request name="Request 1" id="165b2daf-f05d-4a64-98c6-e197100e24b3" mediaType="application/json"><con:settings><con:setting id="com.eviware.soapui.impl.wsdl.WsdlRequest@request-headers">&lt;xml-fragment/></con:setting></con:settings><con:endpoint>http://localhost:8080</con:endpoint><con:request/><con:originalUri>http://localhost/filtering-list</con:originalUri><con:credentials><con:authType>No Authorization</con:authType></con:credentials><con:jmsConfig JMSDeliveryMode="PERSISTENT"/><con:jmsPropertyConfig/><con:parameters/></con:request></con:method></con:resource><con:resource name="" path="/v1/person" id="b9673dc5-3a6c-4a38-a3bb-34ce7626857b"><con:settings/><con:parameters/><con:method name="Method 1" id="8394cd6f-c9c3-44e5-a169-0e3a359abd30" method="GET"><con:settings/><con:parameters/><con:representation type="RESPONSE"><con:mediaType>application/json</con:mediaType><con:status>200</con:status><con:params/><con:element xmlns:per="http://localhost/v1/person">per:Response</con:element></con:representation><con:request name="Request 1" id="047470a7-75eb-494a-8b73-4c8dcb4d694c" mediaType="application/json"><con:settings><con:setting id="com.eviware.soapui.impl.wsdl.WsdlRequest@request-headers">&lt;xml-fragment/></con:setting></con:settings><con:endpoint>http://localhost:8080</con:endpoint><con:request/><con:originalUri>http://localhost/v1/person</con:originalUri><con:credentials><con:authType>No Authorization</con:authType></con:credentials><con:jmsConfig JMSDeliveryMode="PERSISTENT"/><con:jmsPropertyConfig/><con:parameters/></con:request></con:method></con:resource><con:resource name="" path="/v2/person" id="903d35b8-d4f1-45ae-8b4d-13aaa9f4664c"><con:settings/><con:parameters/><con:method name="Method 1" id="e1183006-f3b3-4945-be0f-a454f1bd57d0" method="GET"><con:settings/><con:parameters/><con:representation type="RESPONSE"><con:mediaType>application/json</con:mediaType><con:status>200</con:status><con:params/><con:element xmlns:per="http://localhost/v1/person">per:Response</con:element></con:representation><con:request name="Request 1" id="7bb631c7-21e4-4228-ba89-a3ec81ad64cc" mediaType="application/json"><con:settings><con:setting id="com.eviware.soapui.impl.wsdl.WsdlRequest@request-headers">&lt;xml-fragment/></con:setting></con:settings><con:endpoint>params="version=1"</con:endpoint><con:request/><con:originalUri>http://localhost/v1/person</con:originalUri><con:credentials><con:authType>No Authorization</con:authType></con:credentials><con:jmsConfig JMSDeliveryMode="PERSISTENT"/><con:jmsPropertyConfig/><con:parameters/></con:request></con:method></con:resource><con:resource name="" path="/person/param" id="a6854d3f-6ced-4585-9b06-16db2d7873f2"><con:settings/><con:parameters><con:parameter><con:name>version</con:name><con:value/><con:style>QUERY</con:style><con:default/><con:description xsi:nil="true"/></con:parameter></con:parameters><con:method name="Method 1" id="2fc14d55-0859-4354-99e6-fe40732ac196" method="GET"><con:settings/><con:parameters/><con:representation type="FAULT"><con:mediaType xsi:nil="true"/><con:status>400</con:status><con:params/><con:element>data</con:element></con:representation><con:representation type="FAULT"><con:mediaType xsi:nil="true"/><con:status>400</con:status><con:params/><con:element>data</con:element></con:representation><con:representation type="FAULT"><con:mediaType xsi:nil="true"/><con:status>400</con:status><con:params/><con:element>data</con:element></con:representation><con:representation type="FAULT"><con:mediaType xsi:nil="true"/><con:status>400</con:status><con:params/><con:element>data</con:element></con:representation><con:representation type="RESPONSE"><con:mediaType>application/json</con:mediaType><con:status>200</con:status><con:params/><con:element xmlns:par="http://localhost/person/param">par:Response</con:element></con:representation><con:request name="Request 1" id="c38f2c62-586c-4186-9125-ed4dbdbca9f3" mediaType="application/json"><con:settings><con:setting id="com.eviware.soapui.impl.wsdl.WsdlRequest@request-headers">&lt;xml-fragment/></con:setting></con:settings><con:endpoint>http://localhost:8080</con:endpoint><con:request/><con:originalUri>http://localhost/person/param</con:originalUri><con:credentials><con:authType>No Authorization</con:authType></con:credentials><con:jmsConfig JMSDeliveryMode="PERSISTENT"/><con:jmsPropertyConfig/><con:parameters><entry key="version" value="1" xmlns="http://eviware.com/soapui/config"/></con:parameters><con:parameterOrder><con:entry>version</con:entry></con:parameterOrder></con:request></con:method></con:resource><con:resource name="" path="person/param" id="8a022a58-2e2c-4867-81af-b1d9d7ef96c3"><con:settings/><con:parameters><con:parameter><con:name>version</con:name><con:value/><con:style>QUERY</con:style><con:default/><con:description xsi:nil="true"/></con:parameter></con:parameters><con:method name="Method 1" id="1d7ef94f-8c18-4218-a2fc-ce7e4975ca73" method="GET"><con:settings/><con:parameters/><con:representation type="RESPONSE"><con:mediaType>application/json</con:mediaType><con:status>200</con:status><con:params/><con:element xmlns:par="http://localhost/person/param">par:Response</con:element></con:representation><con:request name="Request 1" id="37586cb4-356c-4974-8826-425c13bac11f" mediaType="application/json"><con:settings><con:setting id="com.eviware.soapui.impl.wsdl.WsdlRequest@request-headers">&lt;xml-fragment/></con:setting></con:settings><con:endpoint>http://localhost:8080</con:endpoint><con:request/><con:originalUri>http://localhost/person/param</con:originalUri><con:credentials><con:authType>No Authorization</con:authType></con:credentials><con:jmsConfig JMSDeliveryMode="PERSISTENT"/><con:jmsPropertyConfig/><con:parameters><entry key="version" value="2" xmlns="http://eviware.com/soapui/config"/></con:parameters><con:parameterOrder><con:entry>version</con:entry></con:parameterOrder></con:request></con:method></con:resource><con:resource name="" path="/person/header" id="25fde048-29b1-4617-9791-4be3d7800606"><con:settings/><con:parameters/><con:method name="Method 1" id="79271f0a-8b49-4e20-9469-7c6455e11e0e" method="GET"><con:settings/><con:parameters/><con:representation type="FAULT"><con:mediaType>application/json</con:mediaType><con:status>404 401</con:status><con:params/><con:element xmlns:head="http://localhost/param/header">head:Fault</con:element></con:representation><con:representation type="FAULT"><con:mediaType>text/html;charset=utf-8</con:mediaType><con:status>400</con:status><con:params/><con:element>html</con:element></con:representation><con:representation type="RESPONSE"><con:mediaType>application/json</con:mediaType><con:status>200</con:status><con:params/><con:element xmlns:head="http://localhost/param/header">head:Response</con:element></con:representation><con:representation type="RESPONSE"><con:mediaType xsi:nil="true"/><con:status>0</con:status><con:params/><con:element>data</con:element></con:representation><con:representation type="RESPONSE"><con:mediaType>application/vnd.company.app-v2+json</con:mediaType><con:status>200</con:status><con:params/><con:element xmlns:head="http://localhost/param/header">head:Response</con:element></con:representation><con:request name="Request 1" id="2530b7b0-1e37-4007-b64b-4a9580aee29b" mediaType="application/json"><con:settings><con:setting id="com.eviware.soapui.impl.wsdl.WsdlRequest@request-headers">&lt;entry key="X-API-VERSION" value="2" xmlns="http://eviware.com/soapui/config"/></con:setting></con:settings><con:endpoint>http://localhost:8080</con:endpoint><con:request/><con:originalUri>http://localhost/param/header</con:originalUri><con:credentials><con:username>user</con:username><con:password>a231acc0-9441-4b10-9b6c-8df628fac6d8</con:password><con:selectedAuthProfile>Basic</con:selectedAuthProfile><con:addedBasicAuthenticationTypes>Basic</con:addedBasicAuthenticationTypes><con:authType>Global HTTP Settings</con:authType></con:credentials><con:jmsConfig JMSDeliveryMode="PERSISTENT"/><con:jmsPropertyConfig/><con:parameters/><con:parameterOrder><con:entry/></con:parameterOrder></con:request></con:method></con:resource><con:resource name="" path="/person/producers" id="1e4b8a3a-305e-471f-9047-6fa62eef5476"><con:settings/><con:parameters/><con:method name="Method 1" id="2e6b7d0d-0418-4a73-830c-a4a60f1a75d9" method="GET"><con:settings/><con:parameters/><con:representation type="FAULT"><con:mediaType>application/vnd.company.app-v2+json</con:mediaType><con:status>404</con:status><con:params/><con:element xmlns:head="http://localhost/person/header">head:Fault</con:element></con:representation><con:representation type="RESPONSE"><con:mediaType>application/vnd.company.app-v2+json</con:mediaType><con:status>200</con:status><con:params/><con:element xmlns:head="http://localhost/person/header">head:Response</con:element></con:representation><con:representation type="RESPONSE"><con:mediaType>application/vnd.company.app-v1+json</con:mediaType><con:status>200</con:status><con:params/><con:element xmlns:head="http://localhost/person/header">head:Response</con:element></con:representation><con:representation type="RESPONSE"><con:mediaType>text/html;charset=UTF-8</con:mediaType><con:status>200</con:status><con:params/><con:element>html</con:element></con:representation><con:request name="Request 1" id="812163c5-f4a0-4e0a-a171-e2f09a9b3227" mediaType="application/json"><con:settings><con:setting id="com.eviware.soapui.impl.wsdl.WsdlRequest@request-headers">&lt;entry key="Accept" value="application/vnd.company.app-v2+json" xmlns="http://eviware.com/soapui/config"/></con:setting></con:settings><con:endpoint>http://localhost:8080</con:endpoint><con:request/><con:originalUri>http://localhost/person/header</con:originalUri><con:credentials><con:username>user</con:username><con:password>password</con:password><con:selectedAuthProfile>Basic</con:selectedAuthProfile><con:addedBasicAuthenticationTypes>Basic</con:addedBasicAuthenticationTypes><con:authType>Global HTTP Settings</con:authType></con:credentials><con:jmsConfig JMSDeliveryMode="PERSISTENT"/><con:jmsPropertyConfig/><con:parameters/></con:request></con:method></con:resource></con:interface><con:testSuite id="b7acc2f7-4b56-46dd-b5f7-4afc29f70f75" name="Delete user"><con:settings/><con:runType>SEQUENTIAL</con:runType><con:testCase id="21daefcb-cab2-4f96-acb1-2626acc53d4c" failOnError="true" failTestCaseOnErrors="true" keepSession="false" maxResults="0" name="TestCase 1" searchProperties="true"><con:settings/><con:testStep type="restrequest" name="1 - Request 1" id="f9e381ae-aa81-453e-84b0-56f4b3caa55a"><con:settings/><con:config service="http://localhost:8080" resourcePath="/users/1" methodName="1" xsi:type="con:RestRequestStep" xmlns:xsi="http://www.w3.org/2001/XMLSchema-instance"><con:restRequest name="1 - Request 1" id="ba408fb3-a935-4659-9d36-206d3af9bc4a" mediaType="application/json" postQueryString="false"><con:settings><con:setting id="com.eviware.soapui.impl.wsdl.WsdlRequest@request-headers">&lt;xml-fragment/></con:setting></con:settings><con:endpoint>http://localhost:8080</con:endpoint><con:request/><con:originalUri>http://localhost/users/1</con:originalUri><con:credentials><con:authType>No Authorization</con:authType></con:credentials><con:jmsConfig JMSDeliveryMode="PERSISTENT"/><con:jmsPropertyConfig/><con:parameters/><con:parameterOrder/></con:restRequest></con:config></con:testStep><con:properties/></con:testCase><con:properties/></con:testSuite><con:properties/><con:wssContainer/><con:oAuth2ProfileContainer/><con:oAuth1ProfileContainer/><con:sensitiveInformation/></con:soapui-project>